Address,Zip,Id,Name
595 Ellis St,94109,13,Serve Well Market Inc
5799 Mission St,94112,304,Woody's Liquor And Grocery
2145 Market St,94114,21,Walgreens 4529
2120 Polk St,94109,23,WALGREENS 05599
320 Bay St,94133,28,WALGREENS 02125
1301 Franklin St,94109,30,WALGREENS 03358
2659 Mission St,94110,33,LUCKY PORK MARKET
904 Eddy St,94109,35,USA MARKET
965 Geneva Ave,94112,18,WALGREENS 07150
1201 S Van Ness Ave,94110,37,NEW CASA MARIA
4304 Mission St,94112,40,MISSION-SILVER MARKET
4788 Mission St,94112,42,LA LOMA PRODUCE 6
798 Geary St,94109,44,Geary Hyde Market
1200 Stockton St,94133,47,WAH HING MARKET
3004 San Bruno Ave,94134,49,Foothill Market
225 Leavenworth St,94102,52,Golden Gate Market
667 Geary St,94102,54,City Supermarket
2200 Silver Ave,94124,56,Mikes Market
759 Jackson St,94133,61,MING LEE TRADING
1151 Stockton St,94133,63,Duk Hing
499 Silver Ave,94112,66,US Market
200 Eddy St,94102,68,Daldas Market
2169 Mission St,94110,70,Mi Ranchito Produce
200 Ocean Ave,94112,73,Amels Market
5350 Geary Blvd,94121,445,EUROPA PLUS
3798 Mission St,94110,6,NEW COLLEGE HILL MARKET
1135 Stockton St,94133,11,LUEN FAT MARKET
4605 Geary Blvd,94118,87,Russian Deli Inc.
3861 24th St,94114,89,Noe Valley Farmers' Market
491 Ellis St,94102,91,Green Valley Market
1397 Revere Ave,94124,80,Lee's Food Market
2200 Bay Shore Blvd,94134,94,7-Eleven 21389
310 Bay Shore Blvd,94124,96,JR Seafood LLC
1496 Market St,94102,98,Walgreens 13668
2900 Alemany Blvd,94112,101,PACIFIC SUPERMARKET
200 W Portal Ave,94127,103,Walgreens 13670
5260 Diamond Heights Blvd,94131,106,Walgreens 01109
3950 24th St,94114,108,Whole Foods Market 10379
5298 Mission St,94112,110,United Liquor Market
4929 Mission St,94112,113,San Francisco Farmers Market
3601 California St,94118,115,Walgreens 00896
2050 Irving St,94122,117,Walgreens 02705
1101 Grant Ave,94133,122,Mei Sheng Market
3400 Cesar Chavez,94110,124,Walgreens 09886
2084 Hayes St,94117,127,Cindys Market
2750 21st St,94110,129,Serve U Market
2830 Ingalls St,94124,131,Double Rock Grocery
1108 Stockton St,94133,134,CITY SUPER LLC
497 Oak St,94102,138,Oak Hill Market
1100 Sutter St,94109,141,Jerusalem Market
711 Market St,94103,143,7-eleven 33434A
3030 16th St,94103,146,Nilare Dollar Only
401 Capp St,94110,77,All Seasons Market
2650 Mason St,94133,84,7-Eleven 33006B
801 Cortland Ave,94110,157,Pay Little Market
399 Crescent Ave,94110,160,U Save Market
1210 Stockton St,94133,162,Dong Hing LLC
377 32nd Ave,94121,164,CVS Pharmacy 4675
527 Sutter St,94102,167,7-eleven Store 34977A
1215 Taraval St,94116,169,Good Luck Market
1599 Revere Ave,94124,172,Saabis Groceries
517 Clement St,94118,174,101 Super Mart Inc
1462 Fillmore St,94115,176,Jai Ho Indian Grocery
900 Post St,94109,179,UN Market
642 Pacific Ave,94133,181,Yuan Wei Inc
832 Stockton St,94108,183,Wycen Foods Inc.
712 Geary St,94109,186,The Crown Market & Liquor
1760 Ocean Ave,94112,188,CVS Pharmacy 7596
3400 Mission St,94110,195,7-eleven 39475A
2206 Irving St,94122,198,Mei Shen Ginseng Corporation
288 Noe St,94114,200,Castro Farmers' Market
588 Bosworth St,94131,203,Glen Park Farmers' Market
3398 22nd St,94110,205,Guerrero Hill Market
581 Market St,94105,207,CVS/pharmacy 10035
150 4th St,94130,210,Island Cove Market
4600 3rd St,94124,213,Kennedy Market
1095 Hyde St,94109,214,Trader Joes 200
628 Pacific Ave,94133,152,Kin Fai Produce
638 Broadway,94133,219,Sunmoon Market Inc 426
498 Haight St,94117,150,Low-Cost Meat Market 3
1027 Stockton St,94108,155,Hop Hing Ginseng & Company
758 Broadway,94133,233,King Poultry And Produce
2020 Mission St,94110,237,Apple Market
860 Divisadero St,94117,225,GREEN EARTH
1532 Ocean Ave,94112,240,Usa Power Market
6333 Geary Blvd,94121,242,Geary Grocery Outlet
1101 Market St,94103,244,CVS 4770
499 Haight St,94117,247,CVS 10188
2001 Market St,94114,249,Whole Foods Market 10396
1933 Irving St,94122,251,Sunrise Irving Market, Inc.
4850 Geary Blvd,94118,254,7 Eleven Store 2366 35722A
845 Market St,94103,256,Walgreens 15567
111 Cambon Dr,94132,259,Park Plaza Fine Foods
2400 San Bruno Ave,94134,261,Baby Nutriitonal Care 23
867 Fillmore St,94117,263,Cheers Market
345 Eddy St,94102,266,Dollars And  Sense
2280 Market St,94114,270,CVS 10036
1301 Mason St,94133,273,C & Z Grocery
596 Ofarrell St,94102,275,Right Way Market & Deli
919 Grant Ave,94108,278,Nam Hai Corporation
301 Rolph St,94112,280,Cordova Market
2934 24th St,94110,283,CASA LUCAS MARKET
5601 Geary Blvd,94121,285,Mainland Market Co.
1 Jefferson St,94133,287,CVS 10391
2630 Bay Shore Blvd,94134,290,Grocery Outlet Of Visitation Valley
681 Broadway,94133,292,Tai Hing, Inc
161 Hyde St,94102,223,Hyde & Turk Market
3998 18th St,94114,230,7 Eleven Store 2366 24139C
1000 Hyde St,94109,307,Nob Hill Liquor
1475 Polk St,94109,310,Golden Veggie Market
355 Bay Shore Blvd,94124,312,SMART & FINAL 438
65 Leland Ave,94134,314,Leland Market
1000 Harrison St,94103,317,Chevron 1512
174 6th St,94103,300,City Produce 0014091
4919 3rd St,94124,319,Palou Market
402 Ellis St,94102,324,Starlight Market
1830 Ocean Ave,94112,326,Target 3203
838 Washington St,94108,329,WANG CHUNG CO.
201 6th St,94103,331,YERBA BUENA MARKET
555 Taraval St,94116,333,PARKSIDE FARMERS MARKET
4645 Mission St,94112,336,WALGREENS 01120
25 Point Lobos Ave,94121,338,WALGREENS 3475
4701 Mission St,94112,341,YICKS LIQUOR
790 Van Ness Ave,94102,343,Walgreens 2153
1201 Taraval St,94116,345,WALGREENS 1241
920 Geary St,94109,348,SALEM GROCERY
3398 Mission St,94110,353,WALGREENS 1054
999 Valencia St,94110,355,VALENCIA WHOLEFOODS
825 Market St,94103,357,WALGREEN CO 3185
62 Turk St,94102,360,TENDERLOIN GROCERY
3845 Noriega St,94122,362,BROTHERS MINI MARKET
768 Jackson St,94133,365,SEASONAL FRUIT SPECIAL
521 3rd St,94107,367,NEILLS GROCERY
2998 San Jose Ave,94112,298,Chevron 1727
2999 Mission St,94110,302,Casa Guadalupe 3
2970 16th St,94103,418,HWA LEI MARKET
3701 Mission St,94110,420,49ERS LIQUORS & GROCERIES
745 Clement St,94118,422,WALGREENS 3849
16 Valencia St,94103,425,Val Mar Market
2840 Mission St,94110,427,La Loma #8
2801 Bryant St,94110,429,ABC MARKET
3639 18th St,94110,432,BI-RITE
4599 Mission St,94112,436,YANGTZE MARKET 2
2695 San Bruno Ave,94134,439,LA LOMA PRODUCE 7
399 4th St,94107,441,Whole Foods Market 10151
191 8th St,94103,444,HARVEST URBAN MARKET
1750 Noriega St,94122,372,WALGREENS 03869
2687 Mission St,94110,375,SUN FAT SEAFOOD
2425 Irving St,94122,379,Sunset Super
728 Post St,94109,382,FOOD & LIQUOR WORLD
1262 Stockton St,94133,384,BEST FOOD #1
644 Persia Ave,94112,473,SNACK AND BOTTLE SHOP
691 McAllister St,94102,389,SUPER 7 FOODS
4517 3rd St,94124,391,SUPER SAVE MARKET
1418 Stockton St,94133,394,NORTHERN HERBS, INC.
4500 3rd St,94124,387,SAV MOR MART
730 Market St,94102,396,Walgreens 4680
1001 Bush St,94109,399,ROUND THE CLOCK
339 Clement St,94118,403,T & L MARKET
128 Eddy St,94102,406,SUPERETTE MARKET
5300 3rd St,94124,410,WALGREEN 5487
906 Stockton St,94108,415,LONG HUA'S GROCERY STORE
606 Geary St,94102,516,Milan Pizza
1270 Mission St,94103,519,SF Pizza
133 6th St,94103,522,Chico's Cafe
350 Bay St,94133,457,SAFEWAY  1206
2323 Chestnut St,94123,459,MARINA SUPER
15 Marina Blvd,94123,462,SAFEWAY 1711
850 La Playa St,94121,464,SAFEWAY  785
1745 Folsom St,94103,466,RAINBOW GROCERY, INC
65 6th St,94103,469,Sonoma Liquors Co
1524 20th St,94107,474,THE GOOD LIFE GROCERY
625 Monterey Blvd,94127,476,SAFEWAY 759
2989 24th St,94110,478,Belmar Meat Market
698 Hayes St,94102,481,HAYES MARKET
2350 Noriega St,94122,483,SAFEWAY  985
4950 Mission St,94112,486,SAFEWAY  964
999 S Van Ness Ave,94110,488,ED & DANNY'S MKT
3900 17th St,94114,490,17TH AND NOE MARKET
1182 Market St,94102,493,Heart of the City Farmers Market
400 Irving St,94122,495,KJ PRODUCE MARKET
3450 3rd St,94124,500,ANGUS MEAT OUTLET
1300 Powell St,94133,502,CHUNG HING PRODUCE COMPANY
1201 Howard St,94103,505,UNIMART
399 Haight St,94102,507,S & W MARKET
1265 Stockton St,94133,509,Kum Luen
1 Ferry Building,94111,512,FERRY PLAZA FARMERS MARKET-CUESA
1301 Haight St,94117,450,CENTRAL HAIGHT MARKET
3801 3rd St,94124,452,WALGREENS CO 2244
5130 3rd St,94124,532,Let's Eat BBQ
4097 19th Ave,94132,534,Ingleside Pizza
10 UN Plaza,94102,537,Carl's Jr.
1200 Market St,94102,539,Burger King
819 Van Ness Ave,94109,542,Burger King
4780 Mission St,94112,544,Burger King
200 Duboce Ave,94103,549,KFC/Taco Bell
4285 Mission St,94112,551,KFC/Taco Bell
2101 Lombard St,94123,556,KFC/Taco Bell
940 Market St,94102,559,Subway
77 Van Ness Ave,94102,561,Subway
1099 Mission St,94103,564,Subway
187 6th St,94103,566,Subway
653 Kearny St,94108,569,Subway
753 Polk St,94109,571,Subway
5 Embarcadero Ctr,94111,574,Subway
2375 Market St,94114,576,Subway
595 Buckingham Way Suite 587,94132,579,Subway
2698 Mason St,94133,581,Subway
300 Turk St,94102,1,MARYLAND MARKET
635 Portola Dr,94127,3,MOLLIE STONE'S Tower Market
990 Wisconsin St,94107,5,POTRERO TERRACE MARKET
670 4th St,94107,7,WALGREENS 01297
2312 Irving St,94122,414,EASY MONEY
127 Eddy St,94102,515,New York Pizza Kitchen
868-A Geary St,94109,527,Los Hermanos Taqueria
881 Post St,94109,530,What A Grind
604 Geary St,94102,14,SALAMA HALAL MEAT
985 Bush St,94109,15,Market Mayflower & Deli
2702 24th St,94110,17,N & V LIQUOR GROCERY
275 Sacramento St,94111,19,WALGREENS 03624
456 Mission St,94105,20,Walgreens 4275
300 Gough St,94102,22,WALGREENS 04558
2801 Jones St,94133,25,WALGREENS 05815
300 Montgomery St,94104,29,WALGREENS 02521
633 Clement St,94118,31,WING HING SEAFOOD MARKET, INC.
503 Haight St,94117,32,HAIGHT & FILLMORE WHOLE FOODS
1616 Ocean Ave,94112,34,FRUIT BARN
1298 Potrero Ave,94110,36,POTRERO MARKET
1107 Stockton St,94133,38,SHENG HING MARKET INC
399 Valencia St,94103,39,E & M MARKET
2416 Market St,94114,43,KD's Grog & Groceries
99 9th St,94103,45,GO GO MARKET & DELI
2815 Diamond St,94131,46,CANYON MARKET
308 Broderick St,94117,48,FALLETTI FOODS
289 Eddy St,94102,50,Downtown Grocery and Liquor
5527 Geary Blvd,94121,51,Richmond Produce Market
201 Gough St,94102,53,Victoria Liquor and Groceries
1145 Stockton St,94133,55,Liang's Food
450 Rhode Island St,94107,58,Whole Foods Market 10238
1117 Stockton St,94133,60,New United Supermarket
2141 Chestnut St,94123,62,Walgreens 06625
141 Kearny St,94108,10,WALGREENS 03383
641 Broadway,94133,12,ABC SUPERMARKET INC
1000 Howard St,94103,69,Mi Tierra Supermarket
2551 Noriega St,94122,71,JL Foods
499 Eddy St,94109,72,Cadillac Grocery
868 Geary St,94109,74,Mid City Market
500 Eddy St,94109,75,New Princess Market
790 Silver Ave,94134,76,Hillcrest  Market
881 Clay St,94108,78,D & D Market
2200 Mission St,94110,81,Duc Loi Supermarket
5335 Geary Blvd,94121,83,Royal Market and Bakery
1207 Stockton St,94133,86,New Luen Sing Fish Market
2025 Van Ness Ave,94109,88,CVS Pharmacy 7955
453 Ofarrell St,94102,90,Paradise Coffee & Donuts
1201 Laguna St,94115,92,Convenience Deli & Grocery
3064 24th St,94110,95,Basa Seafood Express
1300 Bush St,94109,97,Walgreens 13666
776 Market St,94102,99,Walgreens 13669
5280 Geary Blvd,94118,100,Walgreens 13667
901 Geary St,94109,102,Woerners Liquors
217 Sutter St,94108,104,7-Eleven 33437T
1216 Stockton St,94133,105,Ivy's Food Company 2
2542 San Bruno Ave,94134,107,J & S Produce Inc
1213 Stockton St,94133,109,New Louies Inc
2550 Ocean Ave,94132,111,Walgreens 02005
450 10th St,94103,112,Costco Wholesale 0144
2494 San Bruno Ave,94134,116,Walgreens 01626
735 7th Ave,94118,65,Safeway 2646
2896-98 Folsom St,94110,67,R Image Market
1024 Grant Ave,94133,123,Fong Seng Co
3000 Mission St,94110,125,Stop and Shop Market
2765 Mission St,94110,126,MI PUEBLITO MARKET, LLC 1
1024 Stockton St,94108,128,GOLDEN WAY TRADING COMPANY
400 Clement St,94118,130,NEW LIEN HING, LLC
1165 Powell St,94108,132,Noodle City
39 Mason St,94102,137,Mason Deli & Market
1014 Stockton St,94108,139,Rainbow House LLC
2990 Mission St,94110,140,Samiramis Market
1335 Powell St,94133,142,Chang Hong Meat Market
598 Castro St,94114,144,Buffalo Whole Food & Grain Co
731 Market St,94103,145,CVS Pharmacy 2852
2097 Mission St,94110,147,La Mission Market
5098 Mission St,94112,148,Mission Martco 356457
690 Stanyan St,94117,149,Whole Foods Market 10362
4791 Mission St,94112,151,Mi Tierrita Market
845 Market St,94103,153,Bristol Farms 0017
4201 18th St,94114,154,Mollie Stones Market 9
375 32nd Ave,94121,156,Fresh & Easy 1405
645 Clement St,94118,158,Healthy Produce
3353 26th St,94110,161,Save Way Market
2790 24th St,94110,163,Ricci's Market
130 Church St,94114,166,Golden Natural Foods, Inc.
821 Pacific Ave,94133,168,Greatwall Ginseng & Herbs
3633 Taraval St,94116,170,Great Highway Market
958 Geneva Ave,94112,119,GM Fish & Meat Market
5898 Mission St,94112,121,Quality Gas For Your Cash Arco AM PM 82613
3300 26th St,94110,177,Vic's Convenient Store
2999 Harrison St,94110,178,Bobs Grill & Grocery
4567 Mission St,94112,180,Jupiter Market
201 Jones St,94102,182,G & H Liquors & Grocery
301 Turk St,94102,185,TL Tobacco & Market
570 Larkin St,94102,187,Fox Market
351 California St,94104,189,CVS Pharmacy 7657
58 Leland Ave,94134,191,New Casa Maria 2
330 5th St,94107,192,Harvey's Place
2847 24th St,94110,196,Samy's Liquor
2023 Mission St,94110,197,Mi Tierra Foods Inc
471 3rd St,94107,199,Jacks Market Inc
1326 Grove St,94117,201,Divisidero Farmers' Market
1740 Ofarrell St,94115,202,Fillmore Farmers' Market
1326 9th Ave,94122,204,Inner Sunset Farmers' Market
831 Clement St,94118,206,Clement Seafood Center
1175 Columbus Ave,94133,208,Walgreens 15127
1150 Ocean Ave,94112,209,Whole Foods Market 10432
690 Market St,94104,211,7 Eleven 35663A
789 Mission St,94103,215,Target Store T-2766
221 Sansome St,94104,216,7 Eleven 35696A
701 Portola Dr,94127,218,CVS/pharmacy 1983
644 Mission St,94105,220,7 Eleven 2366 36039A
1059 Hyde St,94109,222,CVS 10080
550 Divisadero St,94117,224,Bi-Rite Market
500 Kirkham St,94122,173,Roxie Market & Deli
251 Ellis St,94102,175,Imperial Square Liquors
2824 24th St,94110,232,Five Markets
Clement St,94121,234,Clement Street Farmers Market
15 Ocean Ave,94112,236,Excelsior Community Market
908 Sutter St,94109,238,Yogi Food Market 62
479 Turk St,94102,239,Tsunami Market
2950 21st St,94110,245,El Nuevo Porvenir
3333 Mission St,94110,246,Big Lots 4340
2675 Geary Blvd,94118,248,Target T-2768
1055 Stockton St,94108,250,Vegiland Market Inc 1
1401 Baker St,94115,252,Royal Market
514 Minna St,94103,255,Singh Grocery
2444 Noriega St,94122,257,Noriega Market
505 S Van Ness Ave,94110,258,South Van Ness Brushless 302
820 Cortland Ave,94110,260,Andi's Market, LLC
2633 23rd St,94110,262,Baby Nutritional Care 24
2222 Taraval St,94116,264,7 Eleven Store 2366 20473B
1118 Stockton St,94133,265,D&T Market 1
150 7th St,94103,267,Cloud 9 Convenience Store & More
200 Leavenworth St,94102,269,Tenderloin Market And Deli
600 Monterey Blvd,94127,271,Kwik & Convenient
29 Grove St,94102,272,New York Tobacco
1416 Haight St,94117,274,Amal's Deli
1042 Polk St,94109,276,Green Apple Market
195 Pine St,94111,277,7 Eleven Store 36486A
269 14th St,94103,279,NEW STAR MARKET
378 Fillmore St,94117,227,Abe's Market
88 Spear St,94105,9,WALGREENS 07044
135 Powell St,94102,231,Walgreens 890
33 Drumm St,94111,284,Walgreens 4492
593 Ofarrell St,94102,286,Econo Market
538 Clement St,94118,288,Go Vegi, Inc. 1
2997 Folsom St,94110,291,Rubin's Market
295 Eddy St,94102,293,Red Sea Halal Market
225 Bush St,94104,296,Target 3201
153 Bacon St,94134,297,Charlies Kwik Stop Market
898 Stockton St,94108,299,Komi Food Company
2909 Mission St,94110,301,Casa Guadalupe 2
1015 Ocean Ave,94112,303,Kidane Trading
728 22nd St,94107,306,Renos Liquor
1801 Fulton St,94117,308,Fulton Food Shop
844 Jackson St,94133,309,Sun Vegi Produce, Inc 1
4992 Mission St,94112,311,Friendship Market
16 Valencia St,94103,313,Valmar Supermarket
2227 Irving St,94122,316,2227 Irving Seafood Market Inc
3675 Geary Blvd,94118,318,Chevron 1768
3060 Fillmore St,94123,320,Real Food Company 3
1288 19th Ave,94122,322,Chevron 1539
1790 Lombard St,94123,323,Chevron 1712
3052 16th St,94103,325,Nieves Cinco De Mayo Produce None
955 Market St,94103,327,CVS 10622
1300 Fitzgerald Ave,94124,328,JERUSALEM MARKET
3456 Mission St,94110,330,EL AHORRO
1979 Mission St,94103,332,WALGREENS 1126
901 Geneva Ave,94112,282,Geneva Snack Store
1630 Ocean Ave,94112,352,WALGREENS 1393
2203 Irving St,94122,295,S & B Super Market
1524 Polk St,94109,339,WALGREENS 00887
3201 Divisadero St,94123,340,WALGREENS 01403
1333 Castro St,94114,342,WALGREENS 2088
1344 Stockton St,94133,344,Walgreens 893
2298 Mission St,94110,346,CITY DISCOUNT MEAT & GROCERY MKT
845 Holloway Ave,94112,347,Cool Guys
500 Bay Shore Blvd,94124,349,A.M.S. MARKET
1800 23rd St,94107,351,M & W MARKET
2700 Mission St,94110,354,TWENTY-THIRD & MISSION PRODUCE
774 Pacific Ave,94133,356,GUM SING MARKET INC.
3020 16th St,94103,358,CASA THAI MARKET
2846 Mission St,94110,359,KING'S BAKERY
2300 16th St,94103,361,SAFEWAY  1490
22 6th St,94103,364,RITE BY GROCERY
555 9th St,94103,366,TRADER JOE'S  78
5652 Mission St,94112,369,LA LOMA 3
950 Innes Ave,94124,370,SURFSIDE LIQUOR & GROCERY
3930 Judah St,94122,371,OTHER AVENUES COMMUNITY FD STORE
1189 Potrero Ave,94110,373,WALGREENS 03711
2435 California St,94115,374,GRAND CENTRAL MARKET
1000 Potrero Ave,94110,376,ROSE DELI & GROCERY
136 McAllister St,94102,378,McAllister Liquor and Grocery
3 Masonic Ave,94118,380,TRADER JOE'S  100
3098 24th St,94110,381,W & K MARKET
1765 California St,94109,385,Whole Foods Market 10044
85 Bartlett Street,94110,136,Mission Community Market
1899 Fillmore St,94115,337,WALGREENS 2152
733 Randolph St,94132,393,NORMAN'S LIQUOR
5501 Mission St,94112,392,BROTHER'S MARKET
750 La Playa St,94121,395,Europa Express
1800 Folsom St,94103,397,Foods Co 357
1205 Stockton St,94133,398,SUN SANG MARKET
785 Ofarrell St,94109,400,T & MW MARKET
345 Williams Ave,94124,402,FOODS CO 351
1301 Market St,94103,404,WALGREEN'S 4609
500 Geary St,94102,405,WALGREENS 1283
1750 Fulton St,94117,416,Lucky 756
1023 Stanyan St,94117,419,THE REAL FOOD COMPANY
2498 Sutter St,94115,421,STEWART'S MARKET
500 Grove St,94102,424,GROVE STREET MARKET
1101 Stockton St,94133,426,LITTLE PARADISE TOO LLC
3953 Geary Blvd,94118,428,4TH & GEARY FARMERS MARKET
105 Broad St,94112,430,Anas Market
84-90 Turk St,94102,431,Tip Top Market
2965 24th St,94110,433,EL CHICO PRODUCE MARKET #4
2140 Polk St,94109,435,VPSF POLK - REAL FOODS
2456 San Bruno Ave,94134,437,LA LOMA #10
500 Ellis St,94109,438,AMIGO MARKET
1499 Thomas Ave,94124,440,FRIENDLY LIQUOR
4700 3rd St,94124,442,BAY VIEW LIQUOR
2480 San Bruno Ave,94134,443,SAN BRUNO SUPERMARKET
678 Eddy St,94109,446,GLADSTONE MARKET
1203 Polk St,94109,449,DISCOUNT GROCERS
2026 Mission St,94110,383,YANGTZE MARKET
4830 3rd St,94124,388,TORINO GROCERY MARKET
861 Divisadero St,94117,455,Transfer Market
782 Arguello Blvd,94118,456,ARGUELLO SUPER MARKET
2698 San Bruno Ave,94134,458,BUS STOP LIQUOR & DELI
2020 Market St,94114,460,SAFEWAY 1507
5290 Diamond Heights Blvd,94131,461,SAFEWAY  667
3350 Mission St,94110,463,SAFEWAY  739
730 Taraval St,94116,465,SAFEWAY  909
1901 San Jose Ave,94112,467,ROXIE FOOD CENTER
398 Ellis St,94102,468,Young Ellis Produce
801 Hayes St,94117,470,H & W GROCERY & LIQUORS
2704 Mission St,94110,472,FRESH MEAT MARKET
352 Turk St,94102,475,CENTRAL TOWERS MARKET
198 Broad St,94112,477,FAMILY MARKET
2101 Irving St,94122,479,22ND & IRVING PRODUCE 9
1335 Webster St,94115,480,SAFEWAY  995
2250 23rd St,94107,482,KANSAS FOOD MARKET
5641 Geary Blvd,94121,484,NEW WORLD MARKET
426 Castro St,94114,485,Rossi's Italian Delicatessen
1200 Fillmore St,94115,489,THIRD WORLD MARKET
300 Valencia St,94103,491,T & M Market
2598 San Jose Ave,94112,492,SAM'S MARKET
588 Haight St,94117,494,O'LOONEY'S MARKET
2539 Mission St,94110,496,EVERGREEN SUPMKT
282 9th St,94103,499,DIANA MKT 2
151 6th St,94103,501,FREDS LIQUOR & GROCERY
298 Teddy Ave,94134,503,Teddy's Grocery
828 Irving St,94122,504,828 IRVING MARKET
4555 Mission St,94112,510,CASA LUCAZ 3
2145A Geneva Ave,94134,511,M & M SHORT STOP
491 O'Farrell St,94102,514,New Supremo Pizza
1244 Market St,94102,517,Local Diner
468 Ellis St,94102,518,Chico's Pizza
87 6th St,94103,523,Supremo Pizza
288 Golden Gate Ave,94102,513,Taj Pizza
32 6th St,94103,521,Pranzo Pizza
829 Geary St,94109,524,Royalty Pizza Cafe
709 O'Farrell St,94109,526,Los Colores Taqueria
928 Geary St,94109,528,Irving Pizza
2074 Mission St,94110,531,Milan Pizza
5131 3rd St,94124,533,Golden City Inn
3030 San Bruno Ave,94134,535,Queens Louisiana
4523 Mission St,94112,536,Round Table Pizza
1 Hallidie Plaza,94102,538,Carl's Jr.
2978  16th St,94103,540,Burger King
1298 Howard St,94103,541,Burger King
1690 Valencia St,94110,543,Burger King
1701 Fillmore St,94115,545,Burger King
728 Geary St,94109,547,Pizza Hut
691 Eddy St,94109,550,KFC/Taco Bell
1881 Geary Blvd,94115,552,KFC/Taco Bell
1150 Taraval St,94116,553,KFC/Taco Bell
1900 Irving St,94122,555,KFC/Taco Bell
1610 Jerrold Ave,94124,557,KFC/Taco Bell
2040 Ocean Ave,94127,558,KFC/Taco Bell
3251 20th Avenue,94132,217,Stonestown Farmers Market
376 Larkin St,94102,563,Subway
11 3rd St,94103,565,Subway
215 Fremont St,94105,568,Subway
2001 Van Ness Ave,94109,570,Subway
160 Broadway St,94111,572,Subway
483 Sacramento St,94111,573,Subway
388 Market St,94111,575,Subway
1500 Fillmore St,94115,577,Subway
5650 Geary Blvd,94121,578,Subway
1501 Sloat Blvd,94132,580,Subway
2801 Vicente St,94116,407,SUNSET SUPER
295 Orizaba Ave,94132,409,FAIRVIEW MARKET INC
300 Bay Shore Blvd,94124,193,Bayshore Market Deli & Liquor
448 Cortland Ave,94110,411,GOOD LIFE GROCERY
2701 20th St,94110,412,NEW HAMPSHIRE MARKET
298 King St,94107,447,SAFEWAY 2606
1045 Polk St,94109,525,Napoli Pizza
459 Powell St,94102,8,WALGREENS 07043
100 Sansome St,94104,24,WALGREENS 05618
1801 San Jose Ave,94112,64,Red Sea Market
2 Ave of Palms Blvd,94130,79,Island Market Deli
199 Parnassus Ave,94117,118,Walgreens 06557
920 Van Ness Ave,94109,133,Van Ness  Market
6275 3rd St,94124,171,Upper 3rd Boutique & Market
1200 Irving St,94122,184,Andronico's Community Market 3
600 Ofarrell St,94109,226,Deena's Market
5100 Geary Blvd,94118,253,7 Eleven Store 2366 22627D
147 Mason St,94102,562,Subway
350 7th Ave,94103,363,SMART & FINAL 351
201 Turk St Ste D,94102,386,Radman's Produce Market
5843 Geary Blvd,94121,423,THOM'S NATURAL FOODS
1521 Ocean Ave,94112,451,A & N LIQUORS
888 O'Farrell St,94109,487,Bread & Butter Market
339 Eddy St,94102,506,Battambang Market
1250 Market St,94102,560,Subway
1530 Haight St,94117,16,HAIGHT STREET MARKET INC
5851 Geary Blvd,94121,59,Liberty Market Inc
265 Winston Dr,94132,82,Trader Joes 236
112 Hyde St,94102,120,SF Princess Market
564 Market Street,94104,190,7-eleven 33501
3835 Mission St,94110,228,La Loma Produce
1285 Sutter St,94109,268,CVS 10189
4501 Mission St,94112,350,EXCELSIOR LIQUOR
1515 Sloat Blvd,94132,434,Lucky 755
3001 Taraval St,94116,401,Walgreens 4570
1101 Fillmore St,94115,454,CHARLIES DRUGS
1388 46th Ave,94122,497,7-Eleven 20450B
3900 Geary Blvd,94118,546,Burger King
580 Precita Ave,94110,2,Sam's Market
498 Castro St,94114,27,WALGREENS 01327
100 Chenery St,94131,57,Chenery Market
145 Bosworth St,94112,85,New Bosworth Market
123 Eddy St,94102,114,California Grocery
2354 Clement St,94121,135,25th & Clement Produce Market 1
3216 Folsom St,94110,165,Harvest Hills Market
2690 Mission St,94110,334,Walgreens 4231
116 New Montgomery St,94105,26,WALGREENS 06291
843 Clement St,94118,235,Apple Land Co., Inc 1
240 Taylor St,94102,321,Sammys Cafe & Market
2101 Golden Gate Ave,94118,377,GOLDEN GATE CENTRAL MARKET
145 Jackson St,94111,471,SAFEWAY  4601
4150 Geary Blvd,94118,554,KFC/Taco Bell
4175 Mission St,94112,41,MANILA ORIENTAL MARKET
Marina Blvd. & Buchanan St,94123,93,San Francisco Farmers Market @ Fort Mason Center
2918 24th St,94110,159,Lo-cost Meat Market 2
50 Post St @ Montgomery,94108,212,San Francisco Farmer's Market at Crocker Galleria
4600 Mission St,94112,368,EL CHICO PRODUCE MARKET 2
401 Bay St,94133,453,TRADER JOE'S 19
43 Drumm St,94111,221,7-eleven Store 2231 33429A
707 Clement St # 719,94118,448,RICHMOND NEW MAY WAH SUPERMARKET
1939 Mission St,94103,413,FIDA MARKET
131 6th St,94103,520,Chico's Pizza
3349 Mission St,94110,548,Pizza Hut
1524 Silver Ave,94134,408,WHITE PALACE LIQUORS & DELI
30 2nd St,94105,567,Subway
2598 Folsom St,94110,281,Delicateses La Plaza
701 Ofarrell St,94109,315,Hyde & O'Farrell Market Inc
1037 Stockton St,94108,229,Mei's Groceries
2501 San Bruno Ave,94134,241,Silver Produce Inc
66 Turk St,94102,294,Tnt Market
1143 Stockton St,94133,289,SUNG LI CO, INC
1363 Divisadero St,94115,335,WALGREENS 02866
2222 Clement St,94121,390,NEW WING HING SEAFOOD MARKET
5229 Mission St,94112,498,GUZMAN'S PRODUCE MARKET, INC.
999 Oak St,94117,508,OAK FAIR MARKET
403 Eddy St,94109,529,Soul Food City Restaurant
100 Alemany Blvd,94110,4,ALEMANY FARMERS MARKET
298 Guerrero St,94103,417,Spotlite Market
2214 Clement St,94121,305,El Chico Produce Market Inc
1216 Stockton St,94133,194,Fruit Garden, Llc
49 Walter U Lum Pl,94108,243,Charming Sun Market Inc Dba Jin Yang Market