YelpId,ImageUrl,Address,Name
servewell-market-san-francisco,http://s3-media3.fl.yelpcdn.com/bphoto/3D96ehhVK6OF5cO2j1WZwg/ms.jpg,595 Ellis St,94109,Serve Well Market Inc
walgreens-san-francisco-111,http://s3-media3.fl.yelpcdn.com/bphoto/vInDUOhJq1XUM49uhwnlIg/ms.jpg,2145 Market St,94114,Walgreens 4529
walgreens-san-francisco-114,http://s3-media1.fl.yelpcdn.com/bphoto/4hHq4yv7ThamcYZQiOq-5Q/ms.jpg,2120 Polk St,94109,WALGREENS 05599
walgreens-san-francisco-156,http://s3-media3.fl.yelpcdn.com/bphoto/M6PxiwTwufZc5HtGUZuD5g/ms.jpg,320 Bay St,94133,WALGREENS 02125
lucky-pork-market-san-francisco,http://s3-media4.fl.yelpcdn.com/bphoto/eWk3TkAKMSm3BMoPOm6yzw/ms.jpg,2659 Mission St,94110,LUCKY PORK MARKET
la-loma-produce-no-6-san-francisco,http://s3-media2.fl.yelpcdn.com/bphoto/Nztawl_qg3-PsJV6mbY7aQ/ms.jpg,4788 Mission St,94112,LA LOMA PRODUCE 6
geary-and-hyde-market-san-francisco,http://s3-media2.fl.yelpcdn.com/bphoto/K3CEFgK8alrynmYfdLFVzw/ms.jpg,798 Geary St,94109,Geary Hyde Market
golden-gate-rides-san-francisco-3,http://s3-media4.fl.yelpcdn.com/bphoto/s66QVbXAmgKY_Gv0Q60XDw/ms.jpg,225 Leavenworth St,94102,Golden Gate Market
pickbuster-locksmith-san-francisco-7,http://s3-media3.fl.yelpcdn.com/bphoto/QtL6dekYqHIJ9fZWR9cgLA/ms.jpg,499 Silver Ave,94112,US Market
daldas-grocery-san-francisco,http://s3-media3.fl.yelpcdn.com/bphoto/4kC-kieVvM52JkhwMLoGjQ/ms.jpg,200 Eddy St,94102,Daldas Market
amels-market-san-francisco,http://s3-media3.fl.yelpcdn.com/bphoto/kxqrzF0wdnANHld4hUD0fA/ms.jpg,200 Ocean Ave,94112,Amels Market
luen-fat-market-san-francisco,http://s3-media2.fl.yelpcdn.com/bphoto/kQJDlS-YHzu94s-Qdwzy0w/ms.jpg,1135 Stockton St,94133,LUEN FAT MARKET
evergreen-air-duct-cleaning-san-francisco,http://s3-media3.fl.yelpcdn.com/bphoto/5jdLUDRY7v3kKB4AcGclPA/ms.jpg,491 Ellis St,94102,Green Valley Market
pacific-supermarket-san-francisco,http://s3-media3.fl.yelpcdn.com/bphoto/XJtOeY4riymuFlyTG0U98Q/ms.jpg,2900 Alemany Blvd,94112,PACIFIC SUPERMARKET
walgreens-san-francisco-77,http://s3-media2.fl.yelpcdn.com/bphoto/mzIF1r8sPcR7VkIiDcl73A/ms.jpg,200 W Portal Ave,94127,Walgreens 13670
united-liquor-market-san-francisco,http://s3-media2.fl.yelpcdn.com/bphoto/8epobhpcNUCzBkVOetWmFg/ms.jpg,5298 Mission St,94112,United Liquor Market
mark-rogers-photography-san-francisco,http://s3-media3.fl.yelpcdn.com/bphoto/f7lG2tg04r0RKMNydPtS2Q/ms.jpg,4929 Mission St,94112,San Francisco Farmers Market
walgreens-san-francisco-159,http://s3-media2.fl.yelpcdn.com/bphoto/4j73jwCTrViUUfGDA4cj2A/ms.jpg,3601 California St,94118,Walgreens 00896
walgreens-san-francisco-82,http://s3-media4.fl.yelpcdn.com/bphoto/2JbuVyaDaGN12spd239EVw/ms.jpg,2050 Irving St,94122,Walgreens 02705
mei-sheng-market-san-francisco,http://s3-media1.fl.yelpcdn.com/bphoto/VgiPLISlBushzRfdRMV3Kg/ms.jpg,1101 Grant Ave,94133,Mei Sheng Market
cindys-market-san-francisco,http://s3-media4.fl.yelpcdn.com/bphoto/GQCtQqE-Hn53Glb-Fuk0gw/ms.jpg,2084 Hayes St,94117,Cindys Market
double-rock-grocery-san-francisco,http://s3-media4.fl.yelpcdn.com/bphoto/Xqf4fkTilS7jqXDmcHqDkA/ms.jpg,2830 Ingalls St,94124,Double Rock Grocery
city-super-san-francisco,http://s3-media1.fl.yelpcdn.com/bphoto/VZhKspOsTqPqqe0-FD9rKg/ms.jpg,1108 Stockton St,94133,CITY SUPER LLC
joey-the-cat-skeeball-rentals-san-francisco-2,http://s3-media2.fl.yelpcdn.com/bphoto/zBuUVBCFxXa2dr2evfsvRw/ms.jpg,401 Capp St,94110,All Seasons Market
pay-little-market-san-francisco,http://s3-media1.fl.yelpcdn.com/bphoto/7UU6s7CMlCYZG0SL99H4Jw/ms.jpg,801 Cortland Ave,94110,Pay Little Market
lotus-veterinary-house-calls-san-francisco,http://s3-media1.fl.yelpcdn.com/bphoto/_fBZG9DzPQe90em7fdd62g/ms.jpg,399 Crescent Ave,94110,U Save Market
cvs-pharmacy-san-francisco-4,http://s3-media1.fl.yelpcdn.com/bphoto/Xka7R3HYlQCbWx_dayRoew/ms.jpg,377 32nd Ave,94121,CVS Pharmacy 4675
7-eleven-san-francisco-23,http://s3-media2.fl.yelpcdn.com/bphoto/trY07AE3pen7MSTsw_WvqA/ms.jpg,527 Sutter St,94102,7-eleven Store 34977A
castro-farmers-market-san-francisco-2,http://s3-media1.fl.yelpcdn.com/bphoto/IXGUdgKup-2MSXK7mDVdOQ/ms.jpg,288 Noe St,94114,Castro Farmers' Market
guerrero-hill-market-san-francisco,http://s3-media4.fl.yelpcdn.com/bphoto/CyHe4SJvFraJpjOxwVsACg/ms.jpg,3398 22nd St,94110,Guerrero Hill Market
hop-hing-ginseng-company-san-francisco,http://s3-media4.fl.yelpcdn.com/bphoto/hJXaYbQi8OArTvGl7ROz5Q/ms.jpg,1027 Stockton St,94108,Hop Hing Ginseng & Company
apple-market-san-francisco,http://s3-media2.fl.yelpcdn.com/bphoto/nbIjQUfUiKQiEHvTwyS6xw/ms.jpg,2020 Mission St,94110,Apple Market
whole-foods-market-market-street-san-francisco-2,http://s3-media3.fl.yelpcdn.com/bphoto/Ah5OlGFOlwQZbwrbxqNhFQ/ms.jpg,2001 Market St,94114,Whole Foods Market 10396
park-plaza-fine-foods-san-francisco,http://s3-media3.fl.yelpcdn.com/bphoto/M8RFFHSMf5E_ViKjYPX-aA/ms.jpg,111 Cambon Dr,94132,Park Plaza Fine Foods
wags-paws-and-heart-san-francisco,http://s3-media2.fl.yelpcdn.com/bphoto/vxeh49QkD-Kv9MJKKct7Dw/ms.jpg,1301 Mason St,94133,C & Z Grocery
cordova-market-san-francisco,http://s3-media1.fl.yelpcdn.com/bphoto/OY52lvyMgbifv-q3a4N82A/ms.jpg,301 Rolph St,94112,Cordova Market
mainland-market-san-francisco,http://s3-media4.fl.yelpcdn.com/bphoto/vLhGuBuA6C9Gu91KXP9R8g/ms.jpg,5601 Geary Blvd,94121,Mainland Market Co.
grocery-outlet-san-francisco-7,http://s3-media2.fl.yelpcdn.com/bphoto/j-Ap5_NCUYOUGtNCEF_qfA/ms.jpg,2630 Bay Shore Blvd,94134,Grocery Outlet Of Visitation Valley
7-eleven-san-francisco-15,http://s3-media1.fl.yelpcdn.com/bphoto/w5ZL4Db90iLUoWnW00fY0w/ms.jpg,3998 18th St,94114,7 Eleven Store 2366 24139C
nob-hill-liquors-san-francisco,http://s3-media3.fl.yelpcdn.com/bphoto/7iV_PQsjo9TFLlUl8r9Q9g/ms.jpg,1000 Hyde St,94109,Nob Hill Liquor
smart-and-final-san-francisco-2,http://s3-media1.fl.yelpcdn.com/bphoto/hLr9MeD2c3EzcqFnyjd0Fg/ms.jpg,355 Bay Shore Blvd,94124,SMART & FINAL 438
chevron-corporation-san-francisco,http://s3-media2.fl.yelpcdn.com/bphoto/gB2DxLpDXKl8uE7X0Nbxkg/ms.jpg,1000 Harrison St,94103,Chevron 1512
yerba-buena-market-san-francisco,http://s3-media3.fl.yelpcdn.com/bphoto/LJuVucs9L8sUL0HfO33MtA/ms.jpg,201 6th St,94103,YERBA BUENA MARKET
parkside-farmers-market-san-francisco,http://s3-media4.fl.yelpcdn.com/bphoto/N74TxTHIIlRlfesGw9lqYg/ms.jpg,555 Taraval St,94116,PARKSIDE FARMERS MARKET
walgreens-san-francisco-128,http://s3-media1.fl.yelpcdn.com/bphoto/sxRgSOUxtP0z5836TRnFxg/ms.jpg,790 Van Ness Ave,94102,Walgreens 2153
walgreens-san-francisco-145,http://s3-media3.fl.yelpcdn.com/bphoto/E-v1xzLpQK60Rlig-kfFLw/ms.jpg,1201 Taraval St,94116,WALGREENS 1241
valencia-whole-foods-san-francisco-2,http://s3-media3.fl.yelpcdn.com/bphoto/jB5ppVxzHJGWEsfm3TkyFA/ms.jpg,999 Valencia St,94110,VALENCIA WHOLEFOODS
brothers-mini-market-san-francisco,http://s3-media3.fl.yelpcdn.com/bphoto/6lG6KXJV69ZMoLhfFCB-8A/ms.jpg,3845 Noriega St,94122,BROTHERS MINI MARKET
chevron-stations-san-francisco-2,http://s3-media4.fl.yelpcdn.com/bphoto/kk1gckqdOptIili26fWYMA/ms.jpg,2998 San Jose Ave,94112,Chevron 1727
hwa-lei-market-san-francisco,http://s3-media1.fl.yelpcdn.com/bphoto/tcYKUpJdG3T6p9H0drHRbw/ms.jpg,2970 16th St,94103,HWA LEI MARKET
la-loma-produce-no-8-san-francisco,http://s3-media4.fl.yelpcdn.com/bphoto/9khLiOSHYWhEgIqRL1UQ0Q/ms.jpg,2840 Mission St,94110,La Loma #8
la-loma-produce-no-7-san-francisco,http://s3-media4.fl.yelpcdn.com/bphoto/K8I57ZSZBzOB8O358xozLw/ms.jpg,2695 San Bruno Ave,94134,LA LOMA PRODUCE 7
whole-foods-market-soma-san-francisco,http://s3-media3.fl.yelpcdn.com/bphoto/3D8pvH8ywjnNWUOZt_1WnQ/ms.jpg,399 4th St,94107,Whole Foods Market 10151
harvest-urban-market-san-francisco,http://s3-media4.fl.yelpcdn.com/bphoto/tNlL48wPRvZRry2mIsIbjw/ms.jpg,191 8th St,94103,HARVEST URBAN MARKET
walgreens-san-francisco-151,http://s3-media1.fl.yelpcdn.com/bphoto/JE6G4OExip24vAT-kFROTg/ms.jpg,1750 Noriega St,94122,WALGREENS 03869
sun-fat-seafood-company-san-francisco,http://s3-media2.fl.yelpcdn.com/bphoto/ef0Bv3DflvxTwq387VIlgg/ms.jpg,2687 Mission St,94110,SUN FAT SEAFOOD
sunset-supermarket-san-francisco-3,http://s3-media1.fl.yelpcdn.com/bphoto/J2mNWIEvJ_fZGcEd4ZDd1g/ms.jpg,2425 Irving St,94122,Sunset Super
food-and-liquor-world-san-francisco,http://s3-media4.fl.yelpcdn.com/bphoto/MoBWsRBP7cmv_UXXZUT2Zg/ms.jpg,728 Post St,94109,FOOD & LIQUOR WORLD
the-best-foods-produce-san-francisco,http://s3-media4.fl.yelpcdn.com/bphoto/_t-L2-wOVthl6LVBme3PZg/ms.jpg,1262 Stockton St,94133,BEST FOOD #1
snack-and-bottle-shop-san-francisco,http://s3-media1.fl.yelpcdn.com/bphoto/yaZ4Vlagl31TxexOA5EgMw/ms.jpg,644 Persia Ave,94112,SNACK AND BOTTLE SHOP
super-sam-food-san-francisco,http://s3-media1.fl.yelpcdn.com/bphoto/x37bSk_JK6D0BLc3n3xyYA/ms.jpg,691 McAllister St,94102,SUPER 7 FOODS
super-save-meat-market-san-francisco,http://s3-media4.fl.yelpcdn.com/bphoto/5ub_HWR9Uy_qHAxpIMrQWw/ms.jpg,4517 3rd St,94124,SUPER SAVE MARKET
round-the-clock-san-francisco,http://s3-media1.fl.yelpcdn.com/bphoto/2NAPx0ng4URHBOMazoNkkg/ms.jpg,1001 Bush St,94109,ROUND THE CLOCK
jeff-the-locksmith-san-francisco-3,http://s3-media4.fl.yelpcdn.com/bphoto/Wb4CsHVkqyiie7YiMgRhfQ/ms.jpg,339 Clement St,94118,T & L MARKET
architect-sf-san-francisco,http://s3-media4.fl.yelpcdn.com/bphoto/Kd_dipDaeNUtGzxCwZ3oMg/ms.jpg,1270 Mission St,94103,SF Pizza
safeway-san-francisco,http://s3-media3.fl.yelpcdn.com/bphoto/4HfxG340qqdhdThGRg8-Hg/ms.jpg,15 Marina Blvd,94123,SAFEWAY 1711
safeway-san-francisco-19,http://s3-media2.fl.yelpcdn.com/bphoto/oysLAL3hOM1w4CHuhWWcxQ/ms.jpg,850 La Playa St,94121,SAFEWAY  785
safeway-san-francisco-20,http://s3-media1.fl.yelpcdn.com/bphoto/BLwK6cciC9wGoJt4MqnuTw/ms.jpg,625 Monterey Blvd,94127,SAFEWAY 759
hayes-market-san-francisco,http://s3-media1.fl.yelpcdn.com/bphoto/xLwVT8UlruQIJ8ZIi6R9mA/ms.jpg,698 Hayes St,94102,HAYES MARKET
safeway-san-francisco-14,http://s3-media3.fl.yelpcdn.com/bphoto/jK8wnGe2L435hC_ytp0Vjw/ms.jpg,4950 Mission St,94112,SAFEWAY  964
17th-and-noe-market-san-francisco-3,http://s3-media4.fl.yelpcdn.com/bphoto/WTSNEL2wW8BRWDKyZF15LA/ms.jpg,3900 17th St,94114,17TH AND NOE MARKET
angus-meat-outlet-san-francisco,http://s3-media2.fl.yelpcdn.com/bphoto/8GMBoKK7m3LoXThLcrPoIg/ms.jpg,3450 3rd St,94124,ANGUS MEAT OUTLET
chung-hing-produce-company-san-francisco,http://s3-media3.fl.yelpcdn.com/bphoto/EV5W6OXjlHjIEyRBDIjTQw/ms.jpg,1300 Powell St,94133,CHUNG HING PRODUCE COMPANY
unimart-san-francisco,http://s3-media2.fl.yelpcdn.com/bphoto/dDQzd_febulGGx9PzM33DQ/ms.jpg,1201 Howard St,94103,UNIMART
s-and-w-market-san-francisco,http://s3-media2.fl.yelpcdn.com/bphoto/te57eJkr9W94Es7c3rDmPg/ms.jpg,399 Haight St,94102,S & W MARKET
kum-luen-san-francisco,http://s3-media4.fl.yelpcdn.com/bphoto/MspZXIm8E4tgZQgLsEPtBw/ms.jpg,1265 Stockton St,94133,Kum Luen
burger-king-san-francisco,http://s3-media3.fl.yelpcdn.com/bphoto/Rh0VnvY_rlbInvvnZvEXEw/ms.jpg,1200 Market St,94102,Burger King
burger-king-san-francisco-9,http://s3-media3.fl.yelpcdn.com/bphoto/S_EsPBzTXniMwQcQL9uozQ/ms.jpg,819 Van Ness Ave,94109,Burger King
burger-king-san-francisco-5,http://s3-media3.fl.yelpcdn.com/bphoto/Ev1CpQgs-qXqkSzXis6Sew/ms.jpg,4780 Mission St,94112,Burger King
subway-san-francisco-25,http://s3-media4.fl.yelpcdn.com/bphoto/fDnk5lwApRJPeFdhOCQPfg/ms.jpg,653 Kearny St,94108,Subway
maryland-market-san-francisco,http://s3-media3.fl.yelpcdn.com/bphoto/tcOo7uD5uFzc_hLzav1BHQ/ms.jpg,300 Turk St,94102,MARYLAND MARKET
mollie-stones-san-francisco-4,http://s3-media1.fl.yelpcdn.com/bphoto/JahRRN_3d2UtCIgbQWn_SQ/ms.jpg,635 Portola Dr,94127,MOLLIE STONE'S Tower Market
easy-money-san-francisco,http://s3-media4.fl.yelpcdn.com/bphoto/F-QK_uL3Ya8Vu1Q11-N5Eg/ms.jpg,2312 Irving St,94122,EASY MONEY
los-hermanos-taqueria-san-francisco,http://s3-media2.fl.yelpcdn.com/bphoto/SkH8dlyzANCwUeeETY_xjQ/ms.jpg,868-A Geary St,94109,Los Hermanos Taqueria
what-a-grind-san-francisco,http://s3-media2.fl.yelpcdn.com/bphoto/UZHTOTxX1CdWu7ihLZcxgw/ms.jpg,881 Post St,94109,What A Grind
salama-halal-meat-san-francisco,http://s3-media4.fl.yelpcdn.com/bphoto/t57-5PSwMXBhHP2zDnpXyQ/ms.jpg,604 Geary St,94102,SALAMA HALAL MEAT
pedal-inn-san-francisco-4,http://s3-media1.fl.yelpcdn.com/bphoto/HWnOQ2Z8QPwl38njpEmlEA/ms.jpg,2702 24th St,94110,N & V LIQUOR GROCERY
walgreens-san-francisco-122,http://s3-media1.fl.yelpcdn.com/bphoto/zfKN0PapCQ9DPKcAN_gN9w/ms.jpg,275 Sacramento St,94111,WALGREENS 03624
walgreens-san-francisco-118,http://s3-media4.fl.yelpcdn.com/bphoto/SieyJmAjGT4GYA4FP_vMjQ/ms.jpg,456 Mission St,94105,Walgreens 4275
walgreens-san-francisco-154,http://s3-media4.fl.yelpcdn.com/bphoto/om2D9w6vApiCUXZij9uspQ/ms.jpg,300 Gough St,94102,WALGREENS 04558
wing-hing-seafood-market-san-francisco-2,http://s3-media3.fl.yelpcdn.com/bphoto/YCXArIAPynvOxLSp3Pt2jg/ms.jpg,633 Clement St,94118,WING HING SEAFOOD MARKET
haight-fillmore-whole-foods-san-francisco-2,http://s3-media1.fl.yelpcdn.com/bphoto/dYF5wce9GslIqjIEA-KrDQ/ms.jpg,503 Haight St,94117,HAIGHT & FILLMORE WHOLE FOODS
fruit-barn-san-francisco,http://s3-media4.fl.yelpcdn.com/bphoto/lB56SYQ__5qpXohamB6cTA/ms.jpg,1616 Ocean Ave,94112,FRUIT BARN
potrero-market-and-deli-san-francisco,http://s3-media4.fl.yelpcdn.com/bphoto/koEmwfuOO1-af61DTKUrxQ/ms.jpg,1298 Potrero Ave,94110,POTRERO MARKET
you-move-me-san-francisco-san-rafael,http://s3-media3.fl.yelpcdn.com/bphoto/VVcdww3OqaEA4Y_TTQy_EQ/ms.jpg,399 Valencia St,94103,E & M MARKET
todd-montgomery-climb-real-estate-group-san-francisco,http://s3-media3.fl.yelpcdn.com/bphoto/7gkncbd6Rew-cSv4ISvh4w/ms.jpg,99 9th St,94103,GO GO MARKET & DELI
victoria-liquors-and-groceries-san-francisco,http://s3-media4.fl.yelpcdn.com/bphoto/UhJUP8hjWsNuyuYif6aE5A/ms.jpg,201 Gough St,94102,Victoria Liquor and Groceries
mi-tierra-san-francisco-2,http://s3-media2.fl.yelpcdn.com/bphoto/A3Ia2wic-AthC0IvDooMdw/ms.jpg,1000 Howard St,94103,Mi Tierra Supermarket
cadillac-grocery-san-francisco,http://s3-media4.fl.yelpcdn.com/bphoto/wrKPP2DOMNl2Tpz5JYGkvg/ms.jpg,499 Eddy St,94109,Cadillac Grocery
new-minimalism-san-francisco,http://s3-media2.fl.yelpcdn.com/bphoto/DNuAuYetE1uxR4y3qeTWQw/ms.jpg,500 Eddy St,94109,New Princess Market
hillcrest-market-san-francisco,http://s3-media2.fl.yelpcdn.com/bphoto/EvdKYAQSr0Et_d15aR2vqA/ms.jpg,790 Silver Ave,94134,Hillcrest  Market
chinatown-apple-land-san-francisco,http://s3-media4.fl.yelpcdn.com/bphoto/MZvpZZ8CuUhwgMbyaFkIAw/ms.jpg,881 Clay St,94108,D & D Market
duc-loi-supermarket-san-francisco,http://s3-media2.fl.yelpcdn.com/bphoto/b5XQRBxQi8Dv00oim0kNtw/ms.jpg,2200 Mission St,94110,Duc Loi Supermarket
royal-market-and-bakery-san-francisco,http://s3-media1.fl.yelpcdn.com/bphoto/1HqMzdwwYXsAvmjEgdCGHA/ms.jpg,5335 Geary Blvd,94121,Royal Market and Bakery
cvs-pharmacy-san-francisco-22,http://s3-media2.fl.yelpcdn.com/bphoto/22h-D0aNRqaE3ifUr_uWCA/ms.jpg,2025 Van Ness Ave,94109,CVS Pharmacy 7955
paradise-coffee-and-donuts-san-francisco,http://s3-media1.fl.yelpcdn.com/bphoto/56UFe0Z6YA-RaDkZUJ6pRw/ms.jpg,453 Ofarrell St,94102,Paradise Coffee & Donuts
basa-seafood-express-san-francisco,http://s3-media2.fl.yelpcdn.com/bphoto/wAIPtGdsjFFiEMkjq76h9A/ms.jpg,3064 24th St,94110,Basa Seafood Express
woerners-liquors-san-francisco,http://s3-media3.fl.yelpcdn.com/bphoto/0wezMIhfRPwehLUlEUUu6g/ms.jpg,901 Geary St,94109,Woerners Liquors
7-eleven-san-francisco-13,http://s3-media4.fl.yelpcdn.com/bphoto/3wmrEFyeNjiyrs6rdii50w/ms.jpg,217 Sutter St,94108,7-Eleven 33437T
dent-discount-mobile-san-jose-6,http://s3-media1.fl.yelpcdn.com/bphoto/WGlbqD4pnSDuzLraJpz7Fg/ms.jpg,2542 San Bruno Ave,94134,J & S Produce Inc
walgreens-san-francisco-127,http://s3-media1.fl.yelpcdn.com/bphoto/j0lAbGCW2H1roenQUJt-UA/ms.jpg,2550 Ocean Ave,94132,Walgreens 02005
costco-optometry-san-francisco,http://s3-media4.fl.yelpcdn.com/bphoto/j2rR9SIbrc4TACaTDlkj4A/ms.jpg,450 10th St,94103,Costco Wholesale 0144
walgreens-san-francisco-124,http://s3-media1.fl.yelpcdn.com/bphoto/Sl7R2CNDSKrcZhN1vLt4zA/ms.jpg,2494 San Bruno Ave,94134,Walgreens 01626
safeway-san-francisco-13,http://s3-media1.fl.yelpcdn.com/bphoto/rq85af6Mj2-m5ktC9kkk8w/ms.jpg,735 7th Ave,94118,Safeway 2646
24-7-rooter-and-plumbing-san-francisco-4,http://s3-media3.fl.yelpcdn.com/bphoto/xhlT7trREM1YRZO-umDymw/ms.jpg,2896-98 Folsom St,94110,R Image Market
fong-seng-co-san-francisco,http://s3-media2.fl.yelpcdn.com/bphoto/nopZS4AaZXMAwfonAQLxJg/ms.jpg,1024 Grant Ave,94133,Fong Seng Co
stop-and-shop-market-san-francisco,http://s3-media1.fl.yelpcdn.com/bphoto/6lTOiKQB0rgeleYa6O25fA/ms.jpg,3000 Mission St,94110,Stop and Shop Market
buffalo-whole-food-and-grain-company-san-francisco,http://s3-media1.fl.yelpcdn.com/bphoto/57jgxc5O7X26j6ycNUXeRg/ms.jpg,598 Castro St,94114,Buffalo Whole Food & Grain Co
twin-brothers-auto-glass-san-francisco,http://s3-media4.fl.yelpcdn.com/bphoto/3Sx4322Ir-DWnVDUQeiLnQ/ms.jpg,2097 Mission St,94110,La Mission Market
marios-locksmith-san-francisco,http://s3-media1.fl.yelpcdn.com/bphoto/_7C_nU62hiYQCnVcT6Y9CA/ms.jpg,4791 Mission St,94112,Mi Tierrita Market
fresh-and-easy-san-francisco-6,http://s3-media2.fl.yelpcdn.com/bphoto/HKjzS0aZzEuY2LKOyvEPHg/ms.jpg,375 32nd Ave,94121,Fresh & Easy 1405
healthy-produce-san-francisco,http://s3-media1.fl.yelpcdn.com/bphoto/sKdqfQnWaF-tuL23apHtEA/ms.jpg,645 Clement St,94118,Healthy Produce
jupiter-market-san-francisco,http://s3-media4.fl.yelpcdn.com/bphoto/P1GHQhKNcLw4ivsCZxnbig/ms.jpg,4567 Mission St,94112,Jupiter Market
ming-jade-hardwood-floors-san-francisco,http://s3-media2.fl.yelpcdn.com/bphoto/XeynK6Jx06TLq_tlmLEKJA/ms.jpg,201 Jones St,94102,G & H Liquors & Grocery
open-and-shut-locksmith-service-san-francisco,http://s3-media2.fl.yelpcdn.com/bphoto/lfTUMcXt0j9KPV6LyOeacg/ms.jpg,2023 Mission St,94110,Mi Tierra Foods Inc
jacks-market-san-francisco,http://s3-media1.fl.yelpcdn.com/bphoto/kUAZM-Sn7Y52KJ7URA_mLg/ms.jpg,471 3rd St,94107,Jacks Market Inc
7-eleven-san-francisco-25,http://s3-media3.fl.yelpcdn.com/bphoto/KnfeNNqN3Ba3o4hOcZ4MyA/ms.jpg,690 Market St,94104,7 Eleven 35663A
target-open-house-san-francisco,http://s3-media4.fl.yelpcdn.com/bphoto/Il8swWccvyoX0EVMGKZOOw/ms.jpg,789 Mission St,94103,Target Store T-2766
de-iphone-repair-san-francisco-7,http://s3-media2.fl.yelpcdn.com/bphoto/Y7xd_dURXuVvijF_1EfqFg/ms.jpg,221 Sansome St,94104,7 Eleven 35696A
roxies-market-and-deli-san-francisco,http://s3-media1.fl.yelpcdn.com/bphoto/kEKCoK9eB3jiGEb9pMZefQ/ms.jpg,500 Kirkham St,94122,Roxie Market & Deli
imperial-square-liquors-san-francisco,http://s3-media4.fl.yelpcdn.com/bphoto/WkVIpwtib8sySMLaIh-_UQ/ms.jpg,251 Ellis St,94102,Imperial Square Liquors
five-markets-san-francisco,http://s3-media4.fl.yelpcdn.com/bphoto/gkTPB6OctcilpXfvZJWvCw/ms.jpg,2824 24th St,94110,Five Markets
yogi-food-market-san-francisco,http://s3-media1.fl.yelpcdn.com/bphoto/Ev-beqMuRSwjcG9sZaGwzw/ms.jpg,908 Sutter St,94109,Yogi Food Market 62
tsunami-market-san-francisco,http://s3-media2.fl.yelpcdn.com/bphoto/h7jsKvtY0sIe7YhblecIJA/ms.jpg,479 Turk St,94102,Tsunami Market
keely-ferguson-san-francisco-2,http://s3-media2.fl.yelpcdn.com/bphoto/1rQ3BMJ6u1A9giLI6LEVLQ/ms.jpg,2950 21st St,94110,El Nuevo Porvenir
big-lots-san-francisco,http://s3-media2.fl.yelpcdn.com/bphoto/83hJlIJwA6UkecL831EbKQ/ms.jpg,3333 Mission St,94110,Big Lots 4340
royal-market-san-francisco,http://s3-media4.fl.yelpcdn.com/bphoto/iRwC3c9RkWG5DMcUUzVHdQ/ms.jpg,1401 Baker St,94115,Royal Market
noriega-food-market-san-francisco,http://s3-media2.fl.yelpcdn.com/bphoto/88vW5obienhKhHXKJE3x5A/ms.jpg,2444 Noriega St,94122,Noriega Market
7-eleven-san-francisco-2,http://s3-media1.fl.yelpcdn.com/bphoto/GE199xdrRNQaKw8maHV8bA/ms.jpg,2222 Taraval St,94116,7 Eleven Store 2366 20473B
cloud-9-convenience-store-san-francisco,http://s3-media2.fl.yelpcdn.com/bphoto/oyAAsN8oJ_3K4cpIE_GjNA/ms.jpg,150 7th St,94103,Cloud 9 Convenience Store & More
kwik-and-convenient-san-francisco,http://s3-media1.fl.yelpcdn.com/bphoto/Fn9c2ftqFhsQNLw3Ct88yA/ms.jpg,600 Monterey Blvd,94127,Kwik & Convenient
green-apple-market-san-francisco,http://s3-media2.fl.yelpcdn.com/bphoto/dZ7aOS2sWVFNKUj0XFpVtQ/ms.jpg,1042 Polk St,94109,Green Apple Market
de-iphone-repair-san-francisco-7,http://s3-media2.fl.yelpcdn.com/bphoto/Y7xd_dURXuVvijF_1EfqFg/ms.jpg,195 Pine St,94111,7 Eleven Store 36486A
new-star-market-san-francisco,http://s3-media3.fl.yelpcdn.com/bphoto/eKmLlZiloAkKw0uAmtuscw/ms.jpg,269 14th St,94103,NEW STAR MARKET
econo-market-san-francisco,http://s3-media2.fl.yelpcdn.com/bphoto/y5f-Dm9v10DiHWKTm4t4ZQ/ms.jpg,593 Ofarrell St,94102,Econo Market
renos-liquor-store-san-francisco,http://s3-media1.fl.yelpcdn.com/bphoto/YFxgYWgyjlvJc-k0uPLJww/ms.jpg,728 22nd St,94107,Renos Liquor
fulton-food-shop-san-francisco,http://s3-media3.fl.yelpcdn.com/bphoto/YjQpCQHkWzh6swWg4DQgqw/ms.jpg,1801 Fulton St,94117,Fulton Food Shop
gum-sun-market-san-francisco,http://s3-media1.fl.yelpcdn.com/bphoto/AkbusvX96BnOLutbMl03lw/ms.jpg,844 Jackson St,94133,Sun Vegi Produce
chevron-san-francisco-9,http://s3-media1.fl.yelpcdn.com/bphoto/V9PIWMPqdKgythXBBkBIww/ms.jpg,3675 Geary Blvd,94118,Chevron 1768
melissa-elaina-realtor-san-francisco,http://s3-media1.fl.yelpcdn.com/bphoto/aAvLt2x1IpspOH0pGPA3dg/ms.jpg,3060 Fillmore St,94123,Real Food Company 3
chevron-station-san-francisco-2,http://s3-media1.fl.yelpcdn.com/bphoto/5Laxrra0l1oQnR3BfgvrKg/ms.jpg,1288 19th Ave,94122,Chevron 1539
chevron-san-francisco-2,http://s3-media4.fl.yelpcdn.com/bphoto/Kpl2NW1CwbkCgD36LzwYwA/ms.jpg,1790 Lombard St,94123,Chevron 1712
el-ahorro-san-francisco,http://s3-media2.fl.yelpcdn.com/bphoto/5nB45hzBNg_Cmg6b5HobKw/ms.jpg,3456 Mission St,94110,EL AHORRO
piotr-hutyra-san-francisco-2,http://s3-media2.fl.yelpcdn.com/bphoto/nCcxndy5Pn0FmK9NZCksDw/ms.jpg,2203 Irving St,94122,S & B Super Market
cool-guys-market-san-francisco,http://s3-media3.fl.yelpcdn.com/bphoto/0HB-53RIEVZYKhxbwiLW1A/ms.jpg,845 Holloway Ave,94112,Cool Guys
concept-materials-san-francisco-8,http://s3-media1.fl.yelpcdn.com/bphoto/YRwGp47WKX8FTvdPxM3p1A/ms.jpg,1800 23rd St,94107,M & W MARKET
gum-sing-market-san-francisco,http://s3-media4.fl.yelpcdn.com/bphoto/hE1ErdVhAdzNdXOlLYmgrA/ms.jpg,774 Pacific Ave,94133,GUM SING MARKET INC.
casa-thai-san-francisco,http://s3-media1.fl.yelpcdn.com/bphoto/nBS5kS9MYjwOX2Un8UDMQw/ms.jpg,3020 16th St,94103,CASA THAI MARKET
la-loma-produce-no-3-san-francisco,http://s3-media3.fl.yelpcdn.com/bphoto/OeBPh9DAU6AYV_MnLlh59w/ms.jpg,5652 Mission St,94112,LA LOMA 3
other-avenues-food-store-cooperative-san-francisco,http://s3-media4.fl.yelpcdn.com/bphoto/aQFDQ7VkdMVu8vVJhxTkzw/ms.jpg,3930 Judah St,94122,OTHER AVENUES COMMUNITY FD STORE
rose-food-mart-san-francisco,http://s3-media4.fl.yelpcdn.com/bphoto/w-HI8Iqmk3Ad5pHz8Kza6A/ms.jpg,1000 Potrero Ave,94110,ROSE DELI & GROCERY
mcallister-market-san-francisco,http://s3-media3.fl.yelpcdn.com/bphoto/a5VULKRJ1fZUDR2cDo777A/ms.jpg,136 McAllister St,94102,McAllister Liquor and Grocery
w-k-market-san-francisco,http://s3-media3.fl.yelpcdn.com/bphoto/SYvtQ99slRGOGGwCP-MJgw/ms.jpg,3098 24th St,94110,W & K MARKET
whole-foods-market-franklin-san-francisco,http://s3-media4.fl.yelpcdn.com/bphoto/Q_23CCe8PlPKMD0O6cyTgw/ms.jpg,1765 California St,94109,Whole Foods Market 10044
techmission-san-francisco-3,http://s3-media4.fl.yelpcdn.com/bphoto/9pnHFxdF__ju-8vQ7e6ocg/ms.jpg,85 Bartlett Street,94110,Mission Community Market
foods-co-san-francisco-4,http://s3-media1.fl.yelpcdn.com/bphoto/NRjaEJk68aaK5sea3amsWg/ms.jpg,1800 Folsom St,94103,Foods Co 357
sun-sang-market-san-francisco,http://s3-media2.fl.yelpcdn.com/bphoto/fbTvoZKAnyXKnnK6HxEzgQ/ms.jpg,1205 Stockton St,94133,SUN SANG MARKET
ksh-automotive-san-francisco,http://s3-media4.fl.yelpcdn.com/bphoto/I4P0vCZ6sUChWgtwh5UtHw/ms.jpg,785 Ofarrell St,94109,T & MW MARKET
foods-co-san-francisco-5,http://s3-media1.fl.yelpcdn.com/bphoto/5zQqyGqc7OuaIE9ARXgaLA/ms.jpg,345 Williams Ave,94124,FOODS CO 351
grove-street-market-san-francisco,http://s3-media4.fl.yelpcdn.com/bphoto/c6-UApRzY6nDpCBN74fklw/ms.jpg,500 Grove St,94102,GROVE STREET MARKET
little-paradise-candy-store-san-francisco,http://s3-media4.fl.yelpcdn.com/bphoto/SojhnejP3dg67Smgsy7caQ/ms.jpg,1101 Stockton St,94133,LITTLE PARADISE TOO LLC
eleganza-catering-san-francisco,http://s3-media2.fl.yelpcdn.com/bphoto/MtrBqeFDIwtDib2AuSSeuA/ms.jpg,2965 24th St,94110,EL CHICO PRODUCE MARKET #4
super-auto-glass-south-san-francisco,http://s3-media4.fl.yelpcdn.com/bphoto/nU1SMWVKdGlhLu-65r-4ig/ms.jpg,2456 San Bruno Ave,94134,LA LOMA #10
amigos-market-san-francisco,http://s3-media4.fl.yelpcdn.com/bphoto/pfZ_LesJanS2agP99xWR6A/ms.jpg,500 Ellis St,94109,AMIGO MARKET
bayview-liquors-san-francisco,http://s3-media2.fl.yelpcdn.com/bphoto/u8MLCLIpICgpt1ViUBdrLg/ms.jpg,4700 3rd St,94124,BAY VIEW LIQUOR
san-bruno-supermarket-san-francisco,http://s3-media3.fl.yelpcdn.com/bphoto/eagu8O5NOrDDLSDb8fJTGQ/ms.jpg,2480 San Bruno Ave,94134,SAN BRUNO SUPERMARKET
discount-grocers-san-francisco,http://s3-media2.fl.yelpcdn.com/bphoto/tgGdq-AdozYIqmyfDKAChA/ms.jpg,1203 Polk St,94109,DISCOUNT GROCERS
torino-grocery-market-and-pizzeria-san-francisco,http://s3-media1.fl.yelpcdn.com/bphoto/O9vD76URhs6JrjZroGq8SQ/ms.jpg,4830 3rd St,94124,TORINO GROCERY MARKET
arguello-super-market-san-francisco,http://s3-media2.fl.yelpcdn.com/bphoto/xLK0VKxTEhq2uBMXbuOgaw/ms.jpg,782 Arguello Blvd,94118,ARGUELLO SUPER MARKET
the-bayshore-business-center-san-francisco,http://s3-media3.fl.yelpcdn.com/bphoto/q9NtGNr4vRfNpWuEpSgQPg/ms.jpg,2698 San Bruno Ave,94134,BUS STOP LIQUOR & DELI
safeway-san-francisco-17,http://s3-media1.fl.yelpcdn.com/bphoto/kmODREfaO8-tvkW0__mF7w/ms.jpg,5290 Diamond Heights Blvd,94131,SAFEWAY  667
safeway-san-francisco-2,http://s3-media1.fl.yelpcdn.com/bphoto/N5TXWXj0SkAZR0Spvj4oDg/ms.jpg,3350 Mission St,94110,SAFEWAY  739
safeway-san-francisco-21,http://s3-media2.fl.yelpcdn.com/bphoto/5oGgJdBpopBZjlubtDux1A/ms.jpg,730 Taraval St,94116,SAFEWAY  909
roxie-food-center-san-francisco,http://s3-media1.fl.yelpcdn.com/bphoto/gYWKt1AiaCEugP6Ep5NFOg/ms.jpg,1901 San Jose Ave,94112,ROXIE FOOD CENTER
ev-marquee-photography-san-francisco,http://s3-media2.fl.yelpcdn.com/bphoto/wEAmzrinFa0aEmnhDQbQmw/ms.jpg,801 Hayes St,94117,H & W GROCERY & LIQUORS
family-market-san-francisco,http://s3-media4.fl.yelpcdn.com/bphoto/yAomJS8Wsj-3Gz6xx2dLjQ/ms.jpg,198 Broad St,94112,FAMILY MARKET
22nd-and-irving-market-san-francisco,http://s3-media2.fl.yelpcdn.com/bphoto/EQP3FZA6vNN1lXnVHq6SCA/ms.jpg,2101 Irving St,94122,22ND & IRVING PRODUCE 9
kansas-food-market-san-francisco,http://s3-media1.fl.yelpcdn.com/bphoto/BfoOLBCc0vW-mKuCUvDwww/ms.jpg,2250 23rd St,94107,KANSAS FOOD MARKET
new-world-market-san-francisco,http://s3-media1.fl.yelpcdn.com/bphoto/GfAnKP55Pu4kgOr4XWYlpg/ms.jpg,5641 Geary Blvd,94121,NEW WORLD MARKET
third-world-market-san-francisco,http://s3-media2.fl.yelpcdn.com/bphoto/ShmEGZMsCobr94GgwjpU_A/ms.jpg,1200 Fillmore St,94115,THIRD WORLD MARKET
open-and-shut-locksmith-service-san-francisco,http://s3-media2.fl.yelpcdn.com/bphoto/lfTUMcXt0j9KPV6LyOeacg/ms.jpg,300 Valencia St,94103,T & M Market
diana-no-2-san-francisco,http://s3-media2.fl.yelpcdn.com/bphoto/oZeD56Riw2k5S-lMdsYk3A/ms.jpg,282 9th St,94103,DIANA MKT 2
freds-liquor-and-groceries-san-francisco,http://s3-media2.fl.yelpcdn.com/bphoto/VWIwytnQ1E5ZSZeHyLVKPg/ms.jpg,151 6th St,94103,FREDS LIQUOR & GROCERY
casa-lucaz-3-san-francisco,http://s3-media2.fl.yelpcdn.com/bphoto/muKd_SYBKJSBz0F0oIurGg/ms.jpg,4555 Mission St,94112,CASA LUCAZ 3
m-and-m-shortstop-san-francisco,http://s3-media1.fl.yelpcdn.com/bphoto/flO9FhS1GConSn6jzi7SjQ/ms.jpg,2145A Geneva Ave,94134,M & M SHORT STOP
new-minimalism-san-francisco,http://s3-media2.fl.yelpcdn.com/bphoto/DNuAuYetE1uxR4y3qeTWQw/ms.jpg,491 O'Farrell St,94102,New Supremo Pizza
royalty-pizza-san-francisco,http://s3-media4.fl.yelpcdn.com/bphoto/wUZiVCWFKEXZ68P-h2xAcw/ms.jpg,829 Geary St,94109,Royalty Pizza Cafe
irving-pizza-san-francisco-5,http://s3-media3.fl.yelpcdn.com/bphoto/Aejtpb7RvOP_86brhPnxTw/ms.jpg,928 Geary St,94109,Irving Pizza
milan-pizza-san-francisco-2,http://s3-media3.fl.yelpcdn.com/bphoto/O3GIbO-CYfEHu0dUk1a5RA/ms.jpg,2074 Mission St,94110,Milan Pizza
golden-city-inn-chinese-food-san-francisco,http://s3-media3.fl.yelpcdn.com/bphoto/TGmb_FAUHwuuHIttibzRag/ms.jpg,5131 3rd St,94124,Golden City Inn
round-table-pizza-san-francisco,http://s3-media4.fl.yelpcdn.com/bphoto/vcveLBfoxak-Nx0g9X0BPw/ms.jpg,4523 Mission St,94112,Round Table Pizza
burger-king-san-francisco-8,http://s3-media3.fl.yelpcdn.com/bphoto/fFrend80CU9ZSCSO9LLAag/ms.jpg,1298 Howard St,94103,Burger King
burger-king-san-francisco-2,http://s3-media4.fl.yelpcdn.com/bphoto/7aLm_wjA56d32xxu1J9h1w/ms.jpg,1690 Valencia St,94110,Burger King
pizza-hut-san-francisco-3,http://s3-media2.fl.yelpcdn.com/bphoto/cg4wJ0DiO-Fa3h-aeDJUnw/ms.jpg,728 Geary St,94109,Pizza Hut
stonestown-farmers-market-san-francisco,http://s3-media4.fl.yelpcdn.com/bphoto/hnnG5teFCYm1KwYfmcRl0w/ms.jpg,3251 20th Avenue,94132,Stonestown Farmers Market
subway-san-francisco-75,http://s3-media2.fl.yelpcdn.com/bphoto/04KoOV0ewFOauBZQogzqbw/ms.jpg,215 Fremont St,94105,Subway
subway-san-francisco-46,http://s3-media1.fl.yelpcdn.com/bphoto/rrPN1VcYr-lTIeS9PK1g6A/ms.jpg,2001 Van Ness Ave,94109,Subway
subway-san-francisco-50,http://s3-media2.fl.yelpcdn.com/bphoto/3BtPjAlsrL7inepj3mnVdg/ms.jpg,1500 Fillmore St,94115,Subway
subway-san-francisco-65,http://s3-media2.fl.yelpcdn.com/bphoto/MKJTvOpir0fqFmplWk0TJA/ms.jpg,5650 Geary Blvd,94121,Subway
subway-san-francisco-102,http://s3-media4.fl.yelpcdn.com/bphoto/KE51w6nkaLC3PRmoGL815Q/ms.jpg,1501 Sloat Blvd,94132,Subway
sunset-supermarket-san-francisco,http://s3-media4.fl.yelpcdn.com/bphoto/A52ts3Q7F9jNQRVhe5Z-gA/ms.jpg,2801 Vicente St,94116,SUNSET SUPER
bayshore-taqueria-san-francisco,http://s3-media4.fl.yelpcdn.com/bphoto/B0Jeuy5uSCyikyMw-jAbgQ/ms.jpg,300 Bay Shore Blvd,94124,Bayshore Market Deli & Liquor
good-life-grocery-san-francisco,http://s3-media1.fl.yelpcdn.com/bphoto/bGmdh4QzPrH18-6dfRLt2w/ms.jpg,448 Cortland Ave,94110,GOOD LIFE GROCERY
napoli-pizza-san-francisco,http://s3-media4.fl.yelpcdn.com/bphoto/ypAYXddSX56Z8TIkKgrqFQ/ms.jpg,1045 Polk St,94109,Napoli Pizza
walgreens-san-francisco-112,http://s3-media3.fl.yelpcdn.com/bphoto/FWBCBkVIHo2MahuU8t-joQ/ms.jpg,100 Sansome St,94104,WALGREENS 05618
7-eleven-san-francisco-9,http://s3-media3.fl.yelpcdn.com/bphoto/W8RavHWDik2O6SO09_npCQ/ms.jpg,5100 Geary Blvd,94118,7 Eleven Store 2366 22627D
subway-san-francisco-73,http://s3-media4.fl.yelpcdn.com/bphoto/cFrOxyasn79Ywgd2ttuDoA/ms.jpg,147 Mason St,94102,Subway
a-and-n-liquor-san-francisco,http://s3-media1.fl.yelpcdn.com/bphoto/V21zJP4rL6i9iqgdM85l-A/ms.jpg,1521 Ocean Ave,94112,A & N LIQUORS
bread-and-butter-market-san-francisco,http://s3-media2.fl.yelpcdn.com/bphoto/brOnrRb67UP6k9COA-S-mQ/ms.jpg,888 O'Farrell St,94109,Bread & Butter Market
the-battambang-market-san-francisco,http://s3-media4.fl.yelpcdn.com/bphoto/9nqHf1hAegvi_Mx6Dcs7Zg/ms.jpg,339 Eddy St,94102,Battambang Market
haight-street-market-san-francisco,http://s3-media4.fl.yelpcdn.com/bphoto/RySTFj6qpye_PYHDQbCFkQ/ms.jpg,1530 Haight St,94117,HAIGHT STREET MARKET INC
sfgardening-san-francisco-3,http://s3-media2.fl.yelpcdn.com/bphoto/0gxqZL4N82sm1roms9qWmw/ms.jpg,112 Hyde St,94102,SF Princess Market
la-loma-produce-san-francisco,http://s3-media1.fl.yelpcdn.com/bphoto/_Muodr8Dj4g-rTbfIHZ8VA/ms.jpg,3835 Mission St,94110,La Loma Produce
excelsior-liquors-san-francisco,http://s3-media1.fl.yelpcdn.com/bphoto/bUPC1REAGVOnLAEpVqWwkA/ms.jpg,4501 Mission St,94112,EXCELSIOR LIQUOR
lucky-san-francisco-3,http://s3-media3.fl.yelpcdn.com/bphoto/XX4UubMHLbrM9wFdFonP4g/ms.jpg,1515 Sloat Blvd,94132,Lucky 755
charlies-pharmacy-san-francisco,http://s3-media1.fl.yelpcdn.com/bphoto/PGUyJ8OEBNmeKNrhvDEFbQ/ms.jpg,1101 Fillmore St,94115,CHARLIES DRUGS
7-eleven-san-francisco-6,http://s3-media1.fl.yelpcdn.com/bphoto/rq9JApFLXHZZ15BfrgoFPw/ms.jpg,1388 46th Ave,94122,7-Eleven 20450B
burger-king-san-francisco-6,http://s3-media4.fl.yelpcdn.com/bphoto/2rXm8UJiYcPfULw3s-ydEw/ms.jpg,3900 Geary Blvd,94118,Burger King
chenery-market-san-francisco,http://s3-media4.fl.yelpcdn.com/bphoto/GdB2nJZ_ZQWGuxzHdxxoWA/ms.jpg,100 Chenery St,94131,Chenery Market
25th-and-clement-produce-market-san-francisco,http://s3-media2.fl.yelpcdn.com/bphoto/1efDI5z1t2_NEGbK8OJ-5A/ms.jpg,2354 Clement St,94121,25th & Clement Produce Market 1
walgreens-san-francisco-113,http://s3-media4.fl.yelpcdn.com/bphoto/KilLILXiwym_KmsPiRgEFQ/ms.jpg,116 New Montgomery St,94105,WALGREENS 06291
golden-gate-central-market-san-francisco-2,http://s3-media2.fl.yelpcdn.com/bphoto/4uIlk3oAy9CZQcKF3jSVzA/ms.jpg,2101 Golden Gate Ave,94118,GOLDEN GATE CENTRAL MARKET
safeway-san-francisco-10,http://s3-media3.fl.yelpcdn.com/bphoto/TXZ5fgC8Jjt-hx83Vn1e8A/ms.jpg,145 Jackson St,94111,SAFEWAY  4601
manila-oriental-market-san-francisco-2,http://s3-media2.fl.yelpcdn.com/bphoto/hya9rIYceRVN4OX8-iDA5Q/ms.jpg,4175 Mission St,94112,MANILA ORIENTAL MARKET
north-point-photography-san-francisco,http://s3-media1.fl.yelpcdn.com/bphoto/c8D8rXiYTp1QZdg9RiG1_g/ms.jpg,Marina Blvd. & Buchanan St,94123,San Francisco Farmers Market @ Fort Mason Center
lo-cost-meat-market-san-francisco,http://s3-media3.fl.yelpcdn.com/bphoto/BjfRd6wpHWJoq2cBcP4WjQ/ms.jpg,2918 24th St,94110,Lo-cost Meat Market 2
natasha-murphy-san-francisco-2,http://s3-media3.fl.yelpcdn.com/bphoto/6SebrrRrhdJNSY2_ik9mRQ/ms.jpg,50 Post St @ Montgomery,94108,San Francisco Farmer's Market at Crocker Galleria
el-chico-produce-no-2-san-francisco,http://s3-media1.fl.yelpcdn.com/bphoto/UUOu60TwCRzsPtyHYKz1Xw/ms.jpg,4600 Mission St,94112,EL CHICO PRODUCE MARKET 2
fidas-market-san-francisco,http://s3-media1.fl.yelpcdn.com/bphoto/bUZCzbg33kOKQ0kjQh1YpQ/ms.jpg,1939 Mission St,94103,FIDA MARKET
pizza-hut-san-francisco-2,http://s3-media4.fl.yelpcdn.com/bphoto/n8h9t8UFZt5VYt5o6oRu4g/ms.jpg,3349 Mission St,94110,Pizza Hut
white-palace-liquor-store-san-francisco-4,http://s3-media4.fl.yelpcdn.com/bphoto/tkze8KbqZG8cVLzZydz-Rg/ms.jpg,1524 Silver Ave,94134,WHITE PALACE LIQUORS & DELI
hyde-o-farrell-market-san-francisco,http://s3-media1.fl.yelpcdn.com/bphoto/BrX868ojR31GIj0lH4SkBA/ms.jpg,701 Ofarrell St,94109,Hyde & O'Farrell Market Inc
silver-produce-san-francisco-2,http://s3-media4.fl.yelpcdn.com/bphoto/YbdHUfAQZ5Y32hJyqZZByw/ms.jpg,2501 San Bruno Ave,94134,Silver Produce Inc
walgreens-san-francisco-150,http://s3-media4.fl.yelpcdn.com/bphoto/1UvgalnvFZp5ise9cowT6A/ms.jpg,1363 Divisadero St,94115,WALGREENS 02866
oak-fair-market-san-francisco,http://s3-media3.fl.yelpcdn.com/bphoto/bpAd7UNLsEwsXLq8iCgRjg/ms.jpg,999 Oak St,94117,OAK FAIR MARKET
alemany-flea-market-san-francisco,http://s3-media3.fl.yelpcdn.com/bphoto/yliWFi_E0Pe4YJoON8L9bg/ms.jpg,100 Alemany Blvd,94110,ALEMANY FARMERS MARKET
el-grande-grocery-and-produce-san-francisco,http://s3-media2.fl.yelpcdn.com/bphoto/ZfJ_t_RpchdSXJuXUEyLnA/ms.jpg,2214 Clement St,94121,El Chico Produce Market Inc
fruit-city-san-francisco,http://s3-media4.fl.yelpcdn.com/bphoto/GAiZ2dLri0sskF1CC13pbw/ms.jpg,1216 Stockton St,94133,Fruit Garden
charming-sun-market-san-francisco,http://s3-media2.fl.yelpcdn.com/bphoto/I6Pd1_Rxaju3WxdJwHukhA/ms.jpg,49 Walter U Lum Pl,94108,Charming Sun Market Inc Dba Jin Yang Market